X0Y1,Defect,StrainRate,Temperature,FractureStrain,FractureStrength,YoungsModulus
0,0,0.00005,1,0.17712,98.877191,973.289014
0,0,0.00005,1,0.176935,98.882547,973.408565
0,0,0.00005,1,0.17632,98.862375,973.365905
0,0,0.00005,1,0.17683,98.868643,973.412343
0,0,0.00005,1,0.176565,98.874732,973.397867
0,0,0.00005,10,0.1678,98.419275,970.760188
0,0,0.00005,10,0.16805,98.416075,970.395561
0,0,0.00005,10,0.16869,98.451972,970.45452
0,0,0.00005,10,0.168105,98.437869,971.078661
0,0,0.00005,10,0.168275,98.447568,971.113801
0,0,0.00005,100,0.14887,95.508419,961.236295
0,0,0.00005,100,0.149635,95.575465,956.740517
0,0,0.00005,100,0.14851,95.493324,961.454229
0,0,0.00005,100,0.14877,95.477374,962.299686
0,0,0.00005,100,0.147745,95.32401,963.1477
0,0,0.00005,1200,0.074195,59.389012,873.373147
0,0,0.00005,1200,0.076525,59.047461,859.103574
0,0,0.00005,1200,0.0736,58.383299,865.852454
0,0,0.00005,1200,0.07811,61.406337,867.486246
0,0,0.00005,1200,0.075995,60.099006,876.103187
0,0,0.00005,300,0.12318,87.541399,942.41196
0,0,0.00005,300,0.12567,88.292491,942.026573
0,0,0.00005,300,0.126005,88.376927,947.020787
0,0,0.00005,300,0.12709,88.73229,950.72053
0,0,0.00005,300,0.128615,89.210232,943.939016
0,0,0.00005,600,0.09611,74.139276,915.5889
0,0,0.00005,600,0.09096,72.188394,919.793499
0,0,0.00005,600,0.096935,74.291147,914.98797
0,0,0.00005,600,0.096685,74.528003,921.797262
0,0,0.00005,600,0.09236,72.449078,922.697681
0,0,0.0001,1,0.17691,98.91226,973.425918
0,0,0.0001,1,0.17705,98.89569,973.487626
0,0,0.0001,1,0.17725,98.895,973.5104
0,0,0.0001,1,0.17674,98.890466,973.566098
0,0,0.0001,1,0.17714,98.897998,973.532508
0,0,0.0001,10,0.16904,98.455273,970.915401
0,0,0.0001,10,0.16897,98.482046,970.461236
0,0,0.0001,10,0.16743,98.394688,970.733121
0,0,0.0001,10,0.16808,98.443485,971.187821
0,0,0.0001,10,0.16829,98.456681,971.186343
0,0,0.0001,100,0.1508,95.74929,959.56096
0,0,0.0001,100,0.14913,95.420217,959.349409
0,0,0.0001,100,0.15015,95.706933,959.938148
0,0,0.0001,100,0.15008,95.65132,962.7133
0,0,0.0001,100,0.15068,95.729456,961.800876
0,0,0.0001,1200,0.07648,59.984282,878.615739
0,0,0.0001,1200,0.07352,57.310847,854.265718
0,0,0.0001,1200,0.07168,57.311046,873.026448
0,0,0.0001,1200,0.07507,59.707249,881.010167
0,0,0.0001,1200,0.07852,61.544929,881.766548
0,0,0.0001,300,0.12534,88.111563,943.186219
0,0,0.0001,300,0.12163,87.056566,944.089757
0,0,0.0001,300,0.12558,88.223985,947.213017
0,0,0.0001,300,0.12646,88.464685,951.996105
0,0,0.0001,300,0.12665,88.707282,945.458625
0,0,0.0001,600,0.09451,73.398726,915.964948
0,0,0.0001,600,0.09803,75.576843,922.156661
0,0,0.0001,600,0.09808,75.04393,923.755229
0,0,0.0001,600,0.09259,72.636169,923.971878
0,0,0.0001,600,0.10318,77.44075,928.466024
0,0,0.00025,1,0.1767,98.91391,973.826836
0,0,0.00025,1,0.177375,98.928586,973.93631
0,0,0.00025,1,0.177575,98.941469,973.852928
0,0,0.00025,1,0.1781,98.932005,973.897045
0,0,0.00025,1,0.17775,98.934666,973.832506
0,0,0.00025,10,0.169275,98.500255,971.063156
0,0,0.00025,10,0.169775,98.554302,970.62532
0,0,0.00025,10,0.169675,98.562582,970.711892
0,0,0.00025,10,0.1678,98.439842,971.654494
0,0,0.00025,10,0.16995,98.526264,971.416698
0,0,0.00025,100,0.15185,95.954868,959.948704
0,0,0.00025,100,0.1523,95.873846,959.547535
0,0,0.00025,100,0.151675,95.954118,960.710478
0,0,0.00025,100,0.1525,95.984566,961.647331
0,0,0.00025,100,0.151575,95.836055,962.434155
0,0,0.00025,1200,0.07815,61.863208,886.207909
0,0,0.00025,1200,0.075925,58.646194,856.818552
0,0,0.00025,1200,0.077225,60.41838,868.102968
0,0,0.00025,1200,0.074275,59.058756,878.062829
0,0,0.00025,1200,0.074375,58.855985,883.723121
0,0,0.00025,300,0.1295,89.511232,942.902868
0,0,0.00025,300,0.127025,88.679104,946.487536
0,0,0.00025,300,0.1267,88.503249,951.189309
0,0,0.00025,300,0.1318,90.052916,948.224213
0,0,0.00025,300,0.12945,89.496641,948.014496
0,0,0.00025,600,0.103725,77.561207,913.52244
0,0,0.00025,600,0.09945,76.451582,931.370207
0,0,0.00025,600,0.094875,73.352873,920.703197
0,0,0.00025,600,0.1042,78.046035,928.17462
0,0,0.00025,600,0.101425,76.73059,926.704642
0,0,0.0005,1,0.178,98.969003,974.303288
0,0,0.0005,1,0.1778,98.968876,974.477315
0,0,0.0005,1,0.17815,98.95373,974.418101
0,0,0.0005,1,0.17835,98.997923,974.445136
0,0,0.0005,1,0.178,98.961273,974.432117
0,0,0.0005,10,0.1703,98.606633,971.439072
0,0,0.0005,10,0.1704,98.600448,971.231414
0,0,0.0005,10,0.1715,98.665864,971.182103
0,0,0.0005,10,0.1695,98.539688,971.699877
0,0,0.0005,10,0.17125,98.666316,971.584693
0,0,0.0005,100,0.1534,95.971558,961.814504
0,0,0.0005,100,0.151,95.727721,961.606565
0,0,0.0005,100,0.152,95.962046,961.611101
0,0,0.0005,100,0.152,95.868165,963.591255
0,0,0.0005,100,0.15285,96.064416,964.298024
0,0,0.0005,1200,0.0757,60.120902,885.57256
0,0,0.0005,1200,0.08275,62.456298,853.476884
0,0,0.0005,1200,0.0794,61.627791,884.146441
0,0,0.0005,1200,0.0775,60.802077,892.73001
0,0,0.0005,1200,0.0826,63.224786,885.688176
0,0,0.0005,300,0.1336,90.471016,946.35913
0,0,0.0005,300,0.1265,88.47653,951.037347
0,0,0.0005,300,0.12805,88.971878,950.574737
0,0,0.0005,300,0.12695,88.563743,950.268623
0,0,0.0005,300,0.1332,90.55546,952.237885
0,0,0.0005,600,0.09175,71.745539,918.080344
0,0,0.0005,600,0.10965,80.710268,937.704762
0,0,0.0005,600,0.1053,78.353379,919.920494
0,0,0.0005,600,0.09785,75.200517,930.581333
0,0,0.0005,600,0.10615,78.720651,926.825512
0,0,0.001,1,0.1777,99.006122,975.263118
0,0,0.001,1,0.1784,98.997406,975.284413
0,0,0.001,1,0.1784,98.99672,975.430594
0,0,0.001,1,0.1784,98.99589,975.352696
0,0,0.001,1,0.1777,98.988729,975.270406
0,0,0.001,10,0.1697,98.736311,971.92741
0,0,0.001,10,0.1702,98.74602,971.616025
0,0,0.001,10,0.1706,98.735373,971.79944
0,0,0.001,10,0.172,98.779441,972.936366
0,0,0.001,10,0.1701,98.714191,972.540727
0,0,0.001,100,0.1513,95.765607,960.857235
0,0,0.001,100,0.1522,95.966607,958.453209
0,0,0.001,100,0.1532,96.128166,962.092149
0,0,0.001,100,0.1545,96.169344,962.863305
0,0,0.001,100,0.1522,95.956769,960.980912
0,0,0.001,1200,0.0793,62.058083,879.75885
0,0,0.001,1200,0.0803,61.468292,861.990239
0,0,0.001,1200,0.0847,64.192524,894.59088
0,0,0.001,1200,0.0776,61.03259,891.723455
0,0,0.001,1200,0.0807,62.957591,895.620304
0,0,0.001,300,0.133,90.360641,940.740881
0,0,0.001,300,0.1281,89.009124,954.248784
0,0,0.001,300,0.1337,90.457927,948.34262
0,0,0.001,300,0.1337,90.227807,954.108795
0,0,0.001,300,0.1323,90.241084,956.662021
0,0,0.001,600,0.1102,80.423735,925.581554
0,0,0.001,600,0.1109,81.334198,938.170894
0,0,0.001,600,0.1064,78.654388,917.388846
0,0,0.001,600,0.1055,78.755801,934.655949
0,0,0.001,600,0.106,78.731279,938.550419
0,0,0.0025,1,0.17875,99.001047,976.274058
0,0,0.0025,1,0.17875,99.02508,976.565599
0,0,0.0025,1,0.17875,99.006449,976.639328
0,0,0.0025,1,0.17775,98.994741,975.990477
0,0,0.0025,1,0.17775,98.992046,976.149705
0,0,0.0025,10,0.172,98.947954,971.724936
0,0,0.0025,10,0.172,98.946193,972.813982
0,0,0.0025,10,0.173,99.024375,973.693631
0,0,0.0025,10,0.172,98.975396,972.512809
0,0,0.0025,10,0.172,99.056083,973.583174
0,0,0.0025,100,0.155,96.425514,955.0115
0,0,0.0025,100,0.153,96.170327,948.266449
0,0,0.0025,100,0.151,95.94927,948.946689
0,0,0.0025,100,0.15475,96.183911,952.01203
0,0,0.0025,100,0.15575,96.444988,952.454984
0,0,0.0025,1200,0.08175,63.386149,873.034261
0,0,0.0025,1200,0.082,62.473034,859.023293
0,0,0.0025,1200,0.08475,64.5439,904.760689
0,0,0.0025,1200,0.087,66.113534,895.681749
0,0,0.0025,1200,0.0805,62.14883,892.648673
0,0,0.0025,300,0.132,89.894878,952.686212
0,0,0.0025,300,0.13575,91.146533,958.351002
0,0,0.0025,300,0.1355,90.932552,955.852942
0,0,0.0025,300,0.133,89.951421,959.780474
0,0,0.0025,300,0.135,90.797875,960.976017
0,0,0.0025,600,0.10925,79.779867,927.35877
0,0,0.0025,600,0.11225,81.78916,936.140798
0,0,0.0025,600,0.09575,73.708128,918.254858
0,0,0.0025,600,0.1095,80.27958,940.172466
0,0,0.0025,600,0.1115,80.981033,935.950479
1,0,0.00005,1,0.278305,119.308061,842.241476
1,0,0.00005,1,0.27871,119.318204,842.190822
1,0,0.00005,1,0.27709,119.294434,842.196421
1,0,0.00005,1,0.278775,119.32037,842.203713
1,0,0.00005,1,0.278295,119.313842,842.214867
1,0,0.00005,10,0.262805,118.61208,840.874534
1,0,0.00005,10,0.261885,118.574624,840.819649
1,0,0.00005,10,0.262685,118.606983,840.716831
1,0,0.00005,10,0.25936,118.426562,840.901296
1,0,0.00005,10,0.263125,118.61457,840.91792
1,0,0.00005,100,0.22786,114.58971,852.976285
1,0,0.00005,100,0.22856,114.605103,850.789756
1,0,0.00005,100,0.228275,114.580129,850.025555
1,0,0.00005,100,0.227255,114.483775,852.272186
1,0,0.00005,100,0.2292,114.73959,851.369579
1,0,0.00005,1200,0.09853,68.057458,827.641042
1,0,0.00005,1200,0.09336,66.00205,833.039002
1,0,0.00005,1200,0.097535,67.642059,821.508548
1,0,0.00005,1200,0.088285,63.477005,837.5571
1,0,0.00005,1200,0.097815,67.655981,825.822768
1,0,0.00005,300,0.18847,105.863077,864.590889
1,0,0.00005,300,0.17556,102.903019,862.644649
1,0,0.00005,300,0.18558,105.206143,865.311413
1,0,0.00005,300,0.18796,105.818503,867.492567
1,0,0.00005,300,0.183145,104.675587,870.130621
1,0,0.00005,600,0.135045,87.558169,864.370224
1,0,0.00005,600,0.13508,87.675371,869.788153
1,0,0.00005,600,0.137785,88.833459,863.503386
1,0,0.00005,600,0.14291,90.253968,863.517401
1,0,0.00005,600,0.143935,90.904414,871.760715
1,0,0.0001,1,0.27903,119.324168,842.273146
1,0,0.0001,1,0.27967,119.339682,842.246782
1,0,0.0001,1,0.27893,119.323603,842.225126
1,0,0.0001,1,0.27922,119.33361,842.23633
1,0,0.0001,1,0.27894,119.323656,842.265744
1,0,0.0001,10,0.26325,118.644778,840.857802
1,0,0.0001,10,0.26359,118.644192,840.88644
1,0,0.0001,10,0.2634,118.64108,840.71548
1,0,0.0001,10,0.26332,118.629695,840.731552
1,0,0.0001,10,0.26321,118.613566,840.868014
1,0,0.0001,100,0.22991,114.798718,852.200102
1,0,0.0001,100,0.22886,114.603566,849.590715
1,0,0.0001,100,0.22996,114.713848,850.123881
1,0,0.0001,100,0.22834,114.600064,852.495869
1,0,0.0001,100,0.22743,114.50022,851.688045
1,0,0.0001,1200,0.09998,68.927238,841.685265
1,0,0.0001,1200,0.08324,60.28576,837.941664
1,0,0.0001,1200,0.10408,70.680004,829.244369
1,0,0.0001,1200,0.10194,70.098128,845.975659
1,0,0.0001,1200,0.09235,65.268525,831.695143
1,0,0.0001,300,0.189,106.094684,867.841862
1,0,0.0001,300,0.18903,105.991293,865.007048
1,0,0.0001,300,0.18275,104.44071,861.293337
1,0,0.0001,300,0.18926,106.05136,869.951365
1,0,0.0001,300,0.19227,106.603637,869.568925
1,0,0.0001,600,0.13931,89.237519,868.468252
1,0,0.0001,600,0.14026,89.461132,865.430662
1,0,0.0001,600,0.13489,87.729658,865.055809
1,0,0.0001,600,0.13308,86.550884,871.176891
1,0,0.0001,600,0.12891,85.157834,868.830054
1,0,0.00025,1,0.2798,119.33831,842.361921
1,0,0.00025,1,0.27975,119.340084,842.348975
1,0,0.00025,1,0.2807,119.359962,842.328046
1,0,0.00025,1,0.279975,119.344314,842.350202
1,0,0.00025,1,0.2801,119.346144,842.345353
1,0,0.00025,10,0.263925,118.655579,840.882595
1,0,0.00025,10,0.26405,118.669866,840.869492
1,0,0.00025,10,0.2646,118.70196,840.720388
1,0,0.00025,10,0.2652,118.691874,840.730451
1,0,0.00025,10,0.26345,118.627851,840.83313
1,0,0.00025,100,0.22905,114.700649,852.115814
1,0,0.00025,100,0.2258,114.307089,850.316967
1,0,0.00025,100,0.2293,114.620671,849.182081
1,0,0.00025,100,0.231225,114.872105,853.2181
1,0,0.00025,100,0.227825,114.466611,851.308866
1,0,0.00025,1200,0.104525,71.10543,847.478337
1,0,0.00025,1200,0.103775,70.979725,838.183839
1,0,0.00025,1200,0.097,67.107894,830.028861
1,0,0.00025,1200,0.101625,69.865713,844.059216
1,0,0.00025,1200,0.0968,67.366629,840.116115
1,0,0.00025,300,0.187425,105.559166,866.850601
1,0,0.00025,300,0.193275,106.953967,861.187994
1,0,0.00025,300,0.19535,107.244251,861.388007
1,0,0.00025,300,0.1903,106.25536,871.029032
1,0,0.00025,300,0.192575,106.653097,870.540078
1,0,0.00025,600,0.13285,86.815371,870.524388
1,0,0.00025,600,0.1404,89.511328,876.487352
1,0,0.00025,600,0.138225,88.950568,867.10351
1,0,0.00025,600,0.155125,94.248898,867.914415
1,0,0.00025,600,0.1469,91.866495,868.836294
1,0,0.0005,1,0.2807,119.357692,842.549525
1,0,0.0005,1,0.28105,119.368774,842.501641
1,0,0.0005,1,0.2804,119.352669,842.506895
1,0,0.0005,1,0.2805,119.356202,842.506082
1,0,0.0005,1,0.28135,119.37028,842.527781
1,0,0.0005,10,0.26655,118.769665,840.896346
1,0,0.0005,10,0.26465,118.697884,840.937436
1,0,0.0005,10,0.26475,118.705122,840.758012
1,0,0.0005,10,0.26375,118.662856,840.767352
1,0,0.0005,10,0.26265,118.600379,840.818193
1,0,0.0005,100,0.2323,115.11839,852.421278
1,0,0.0005,100,0.23325,115.105519,850.523178
1,0,0.0005,100,0.232,114.920419,848.944697
1,0,0.0005,100,0.23155,114.874148,853.444605
1,0,0.0005,100,0.23265,115.030577,850.550339
1,0,0.0005,1200,0.0991,68.150263,847.55005
1,0,0.0005,1200,0.1043,70.76417,843.320351
1,0,0.0005,1200,0.10185,69.539786,839.813698
1,0,0.0005,1200,0.10575,71.809797,849.633184
1,0,0.0005,1200,0.0914,64.453882,846.720398
1,0,0.0005,300,0.1955,107.357297,870.472832
1,0,0.0005,300,0.1946,107.09151,862.512462
1,0,0.0005,300,0.1955,107.150217,857.873638
1,0,0.0005,300,0.197,107.598708,873.817881
1,0,0.0005,300,0.19525,107.140916,866.985659
1,0,0.0005,600,0.14965,92.939523,868.620048
1,0,0.0005,600,0.13975,89.223388,877.159358
1,0,0.0005,600,0.15305,94.102759,866.053269
1,0,0.0005,600,0.15145,92.965305,869.542816
1,0,0.0005,600,0.15595,94.801007,873.017305
1,0,0.001,1,0.2812,119.381361,842.838783
1,0,0.001,1,0.282,119.384713,842.832707
1,0,0.001,1,0.2809,119.375752,842.845243
1,0,0.001,1,0.2814,119.376118,842.809289
1,0,0.001,1,0.282,119.387041,842.848854
1,0,0.001,10,0.2671,118.812809,840.875547
1,0,0.001,10,0.2662,118.756857,840.886704
1,0,0.001,10,0.2671,118.794745,840.740538
1,0,0.001,10,0.2675,118.801402,840.721698
1,0,0.001,10,0.2659,118.745481,840.750842
1,0,0.001,100,0.2302,114.81899,851.703581
1,0,0.001,100,0.2331,115.126265,848.861093
1,0,0.001,100,0.2361,115.377414,847.350885
1,0,0.001,100,0.2339,115.106788,851.943887
1,0,0.001,100,0.2323,114.941868,851.70262
1,0,0.001,1200,0.1058,71.284297,851.748182
1,0,0.001,1200,0.1107,74.088368,836.069337
1,0,0.001,1200,0.1097,73.238307,841.289264
1,0,0.001,1200,0.108,72.374486,852.689156
1,0,0.001,1200,0.106,71.739305,854.11802
1,0,0.001,300,0.1981,107.682054,871.682496
1,0,0.001,300,0.1994,107.990763,864.785468
1,0,0.001,300,0.1964,107.332699,857.77991
1,0,0.001,300,0.1994,107.997231,874.027546
1,0,0.001,300,0.1992,107.958204,871.162349
1,0,0.001,600,0.1476,92.104583,870.391309
1,0,0.001,600,0.1541,94.133931,871.835424
1,0,0.001,600,0.1542,94.383736,869.989725
1,0,0.001,600,0.1552,94.403465,866.211346
1,0,0.001,600,0.1527,93.796121,869.997203
1,0,0.0025,1,0.28125,119.392203,843.828935
1,0,0.0025,1,0.28175,119.39849,843.753893
1,0,0.0025,1,0.2825,119.409424,843.762618
1,0,0.0025,1,0.2825,119.409857,843.748535
1,0,0.0025,1,0.2825,119.417595,843.779311
1,0,0.0025,10,0.2665,118.78189,840.585434
1,0,0.0025,10,0.2685,118.840574,840.859782
1,0,0.0025,10,0.2655,118.749089,840.759725
1,0,0.0025,10,0.2665,118.778829,840.642311
1,0,0.0025,10,0.26675,118.798024,840.982913
1,0,0.0025,100,0.23275,115.096802,849.378937
1,0,0.0025,100,0.23675,115.484308,845.502394
1,0,0.0025,100,0.23625,115.409115,844.164708
1,0,0.0025,100,0.228,114.499041,850.035713
1,0,0.0025,100,0.23175,114.948118,848.547754
1,0,0.0025,1200,0.1065,71.53683,837.763826
1,0,0.0025,1200,0.11,73.252708,845.250982
1,0,0.0025,1200,0.114,74.963257,845.934585
1,0,0.0025,1200,0.11125,74.303107,859.471041
1,0,0.0025,1200,0.118,76.59033,853.881591
1,0,0.0025,300,0.19925,107.986294,863.147094
1,0,0.0025,300,0.20475,109.117822,862.664453
1,0,0.0025,300,0.19625,107.333626,861.815644
1,0,0.0025,300,0.1995,108.22067,875.374113
1,0,0.0025,300,0.204,108.746552,866.795334
1,0,0.0025,600,0.1685,98.475143,870.376093
1,0,0.0025,600,0.16075,96.049977,877.485062
1,0,0.0025,600,0.16525,97.595527,871.843217
1,0,0.0025,600,0.15825,95.179856,879.548605
1,0,0.0025,600,0.16525,97.569466,877.662306
0,1,0.00005,1,0.100875,80.684871,971.978244
0,1,0.00005,1,0.10089,80.68549,971.901404
0,1,0.00005,1,0.10079,80.644112,971.872735
0,1,0.00005,1,0.10085,80.674194,971.895991
0,1,0.00005,1,0.100905,80.691564,971.854733
0,1,0.00005,10,0.100735,80.558524,969.215121
0,1,0.00005,10,0.10072,80.540542,968.972732
0,1,0.00005,10,0.1006,80.464912,968.772453
0,1,0.00005,10,0.100595,80.472248,969.097097
0,1,0.00005,10,0.1006,80.492672,969.246427
0,1,0.00005,100,0.097735,78.384393,959.282842
0,1,0.00005,100,0.097835,78.339661,958.365761
0,1,0.00005,100,0.09909,79.108717,958.03156
0,1,0.00005,100,0.09939,79.353344,961.544757
0,1,0.00005,100,0.09872,78.821204,956.905949
0,1,0.00005,1200,0.0683,54.873701,860.86822
0,1,0.00005,1200,0.069945,56.582623,863.052849
0,1,0.00005,1200,0.0685,55.109802,871.9527
0,1,0.00005,1200,0.069555,55.882161,874.814045
0,1,0.00005,1200,0.06944,55.744071,873.174871
0,1,0.00005,300,0.09257,74.395095,943.002509
0,1,0.00005,300,0.09292,74.630792,945.890396
0,1,0.00005,300,0.09363,74.702136,941.245438
0,1,0.00005,300,0.094235,75.094643,943.178812
0,1,0.00005,300,0.09429,74.790569,932.395294
0,1,0.00005,600,0.08064,66.008208,923.717986
0,1,0.00005,600,0.087055,69.417607,914.308758
0,1,0.00005,600,0.081895,66.982248,929.12483
0,1,0.00005,600,0.0851,68.610711,933.267849
0,1,0.00005,600,0.0842,68.117749,924.182505
0,1,0.0001,1,0.10085,80.665287,972.097107
0,1,0.0001,1,0.10088,80.676968,972.026621
0,1,0.0001,1,0.10082,80.654517,972.01005
0,1,0.0001,1,0.10081,80.655324,972.025779
0,1,0.0001,1,0.10093,80.697601,971.987349
0,1,0.0001,10,0.10037,80.389923,969.246302
0,1,0.0001,10,0.10017,80.288587,969.10817
0,1,0.0001,10,0.10084,80.579181,969.052167
0,1,0.0001,10,0.10076,80.539828,969.191374
0,1,0.0001,10,0.10073,80.550837,969.487356
0,1,0.0001,100,0.09742,78.20544,960.745891
0,1,0.0001,100,0.09848,78.703371,959.604529
0,1,0.0001,100,0.09975,79.47403,959.210608
0,1,0.0001,100,0.09919,79.251121,962.874734
0,1,0.0001,100,0.10009,79.446628,958.373264
0,1,0.0001,1200,0.06758,53.911997,869.716005
0,1,0.0001,1200,0.06907,56.14752,872.455727
0,1,0.0001,1200,0.06757,54.78975,878.812081
0,1,0.0001,1200,0.07032,56.391149,871.237186
0,1,0.0001,1200,0.06846,54.989572,867.81542
0,1,0.0001,300,0.09192,73.959073,946.333966
0,1,0.0001,300,0.09001,73.109627,947.222563
0,1,0.0001,300,0.09364,74.787093,944.260764
0,1,0.0001,300,0.09461,75.28694,945.806208
0,1,0.0001,300,0.094,74.579929,937.552959
0,1,0.0001,600,0.08451,68.168222,927.051187
0,1,0.0001,600,0.08503,68.274922,917.198532
0,1,0.0001,600,0.08503,68.678339,930.995054
0,1,0.0001,600,0.08418,68.168985,929.300195
0,1,0.0001,600,0.08507,68.49907,920.046442
0,1,0.00025,1,0.100925,80.690696,972.425221
0,1,0.00025,1,0.1009,80.698429,972.297974
0,1,0.00025,1,0.1009,80.67788,972.358221
0,1,0.00025,1,0.100925,80.68271,972.418417
0,1,0.00025,1,0.1009,80.683235,972.307445
0,1,0.00025,10,0.100725,80.540679,969.699999
0,1,0.00025,10,0.1007,80.493853,969.159453
0,1,0.00025,10,0.10085,80.582835,969.522413
0,1,0.00025,10,0.100775,80.565194,969.444966
0,1,0.00025,10,0.100575,80.459928,969.564631
0,1,0.00025,100,0.100275,79.577287,960.208175
0,1,0.00025,100,0.0997,79.267893,958.811032
0,1,0.00025,100,0.0995,79.308969,960.268981
0,1,0.00025,100,0.1005,79.840622,961.44744
0,1,0.00025,100,0.09965,79.326374,960.226201
0,1,0.00025,1200,0.069725,55.662537,871.447013
0,1,0.00025,1200,0.070575,56.682006,868.82746
0,1,0.00025,1200,0.0717,57.18483,874.599082
0,1,0.00025,1200,0.07485,59.143133,881.945277
0,1,0.00025,1200,0.071025,56.589204,872.645152
0,1,0.00025,300,0.095025,75.60533,948.344515
0,1,0.00025,300,0.0936,74.945866,951.127343
0,1,0.00025,300,0.094175,75.079511,942.720325
0,1,0.00025,300,0.0928,74.376903,942.449645
0,1,0.00025,300,0.096575,75.86845,943.482968
0,1,0.00025,600,0.091075,71.881194,916.306393
0,1,0.00025,600,0.08725,69.439791,916.875092
0,1,0.00025,600,0.085125,68.819127,934.612501
0,1,0.00025,600,0.0877,69.968171,928.920909
0,1,0.00025,600,0.08555,68.839054,926.542991
0,1,0.0005,1,0.10095,80.688387,973.116818
0,1,0.0005,1,0.10095,80.684415,972.835391
0,1,0.0005,1,0.1009,80.674293,972.878648
0,1,0.0005,1,0.10095,80.692753,972.937551
0,1,0.0005,1,0.1009,80.671181,972.89385
0,1,0.0005,10,0.10095,80.617651,969.614663
0,1,0.0005,10,0.101,80.674239,969.738487
0,1,0.0005,10,0.1009,80.578394,969.764792
0,1,0.0005,10,0.10085,80.558038,969.98928
0,1,0.0005,10,0.1007,80.540829,969.872179
0,1,0.0005,100,0.09735,78.174062,961.236144
0,1,0.0005,100,0.1005,79.698876,960.062531
0,1,0.0005,100,0.1008,79.938755,958.978216
0,1,0.0005,100,0.0999,79.539854,960.06903
0,1,0.0005,100,0.0993,79.033635,959.359578
0,1,0.0005,1200,0.0765,59.843179,878.285977
0,1,0.0005,1200,0.07655,60.816024,874.010065
0,1,0.0005,1200,0.06995,56.063023,890.357881
0,1,0.0005,1200,0.06995,56.030391,867.754173
0,1,0.0005,1200,0.0734,58.230818,868.71817
0,1,0.0005,300,0.0949,75.452689,949.684279
0,1,0.0005,300,0.09735,76.806963,954.977618
0,1,0.0005,300,0.0947,75.362825,940.53743
0,1,0.0005,300,0.0966,76.193052,941.347037
0,1,0.0005,300,0.0945,74.884562,938.245114
0,1,0.0005,600,0.0868,69.615228,920.511884
0,1,0.0005,600,0.0852,68.473325,922.815756
0,1,0.0005,600,0.0802,65.834047,936.551699
0,1,0.0005,600,0.0834,67.613541,930.143517
0,1,0.0005,600,0.08765,69.834993,931.619769
0,1,0.001,1,0.101,80.708078,973.790228
0,1,0.001,1,0.1011,80.759471,973.579472
0,1,0.001,1,0.101,80.715007,973.495505
0,1,0.001,1,0.101,80.702006,973.643389
0,1,0.001,1,0.1011,80.724388,973.690785
0,1,0.001,10,0.1009,80.606671,971.173395
0,1,0.001,10,0.1009,80.615436,969.903373
0,1,0.001,10,0.1009,80.576875,970.376173
0,1,0.001,10,0.1008,80.486053,970.756556
0,1,0.001,10,0.101,80.683952,970.312527
0,1,0.001,100,0.0998,79.383514,961.821494
0,1,0.001,100,0.0996,79.170089,958.806227
0,1,0.001,100,0.0997,79.372917,956.911452
0,1,0.001,100,0.0992,79.19455,960.624794
0,1,0.001,100,0.0995,79.266957,957.750915
0,1,0.001,1200,0.0726,57.50383,883.73494
0,1,0.001,1200,0.0768,60.706757,877.630268
0,1,0.001,1200,0.071,56.710946,894.197671
0,1,0.001,1200,0.0717,57.000305,882.887489
0,1,0.001,1200,0.0662,53.343822,869.382842
0,1,0.001,300,0.096,76.091644,954.530078
0,1,0.001,300,0.097,76.584629,957.612469
0,1,0.001,300,0.0986,77.297061,941.246827
0,1,0.001,300,0.097,76.479768,951.54076
0,1,0.001,300,0.0975,76.299851,937.741
0,1,0.001,600,0.0889,70.809902,916.063828
0,1,0.001,600,0.0903,71.092011,921.745262
0,1,0.001,600,0.0904,71.756491,933.147824
0,1,0.001,600,0.0875,70.017422,929.614272
0,1,0.001,600,0.0898,71.114483,926.549122
0,1,0.0025,1,0.10125,80.820782,974.895006
0,1,0.0025,1,0.10125,80.812647,974.514662
0,1,0.0025,1,0.10125,80.782643,974.215568
0,1,0.0025,1,0.101,80.704447,974.657866
0,1,0.0025,1,0.10125,80.819407,974.408516
0,1,0.0025,10,0.10125,80.750594,971.720863
0,1,0.0025,10,0.1015,80.865819,970.814217
0,1,0.0025,10,0.101,80.599463,971.569652
0,1,0.0025,10,0.101,80.632199,971.378007
0,1,0.0025,10,0.10125,80.786737,972.65828
0,1,0.0025,100,0.1,79.589229,952.121934
0,1,0.0025,100,0.09975,79.325886,953.824333
0,1,0.0025,100,0.101,80.084485,951.447026
0,1,0.0025,100,0.10025,79.739999,951.923032
0,1,0.0025,100,0.1,79.477057,953.790272
0,1,0.0025,1200,0.07725,60.028956,892.08074
0,1,0.0025,1200,0.07275,58.315647,883.897897
0,1,0.0025,1200,0.07775,60.923955,894.014918
0,1,0.0025,1200,0.07275,58.1379,886.13616
0,1,0.0025,1200,0.07475,58.677821,882.028914
0,1,0.0025,300,0.09425,75.33971,960.98804
0,1,0.0025,300,0.09825,77.297603,960.88379
0,1,0.0025,300,0.1,77.865044,944.374844
0,1,0.0025,300,0.0995,77.654642,954.525832
0,1,0.0025,300,0.0985,76.679631,945.888097
0,1,0.0025,600,0.094,73.318404,924.501502
0,1,0.0025,600,0.09375,73.025256,927.176132
0,1,0.0025,600,0.0875,70.198319,928.293728
0,1,0.0025,600,0.0885,70.55984,940.730582
0,1,0.0025,600,0.09575,73.969016,924.521226
1,1,0.00005,1,0.158915,100.302832,841.21933
1,1,0.00005,1,0.158835,100.268464,841.208326
1,1,0.00005,1,0.158555,100.189484,841.216764
1,1,0.00005,1,0.15892,100.302543,841.212661
1,1,0.00005,1,0.158945,100.315984,841.254547
1,1,0.00005,10,0.157345,99.717017,839.802793
1,1,0.00005,10,0.1564,99.391089,839.797854
1,1,0.00005,10,0.157215,99.688881,839.619095
1,1,0.00005,10,0.156465,99.454336,839.868926
1,1,0.00005,10,0.15745,99.754685,839.627745
1,1,0.00005,100,0.141605,93.352045,850.204049
1,1,0.00005,100,0.141165,93.072109,849.235259
1,1,0.00005,100,0.14438,94.304492,849.814729
1,1,0.00005,100,0.142435,93.583657,849.850012
1,1,0.00005,100,0.142295,93.665793,849.077827
1,1,0.00005,1200,0.074045,53.954046,819.465578
1,1,0.00005,1200,0.0745,55.015848,825.276
1,1,0.00005,1200,0.082585,58.25282,805.582255
1,1,0.00005,1200,0.08241,59.059238,834.363309
1,1,0.00005,1200,0.0807,58.303943,813.414099
1,1,0.00005,300,0.12674,85.869595,863.250788
1,1,0.00005,300,0.12703,85.887943,865.5016
1,1,0.00005,300,0.116705,81.415663,863.012226
1,1,0.00005,300,0.12145,83.550329,869.486773
1,1,0.00005,300,0.12548,85.318592,862.787381
1,1,0.00005,600,0.11047,77.006194,867.322062
1,1,0.00005,600,0.115745,78.843272,862.525375
1,1,0.00005,600,0.10429,73.298035,854.420002
1,1,0.00005,600,0.11528,79.337878,860.859091
1,1,0.00005,600,0.10731,74.710591,864.508154
1,1,0.0001,1,0.15905,100.338942,841.226008
1,1,0.0001,1,0.1591,100.357052,841.225947
1,1,0.0001,1,0.1588,100.263564,841.232741
1,1,0.0001,1,0.1587,100.234865,841.243055
1,1,0.0001,1,0.15858,100.192579,841.244929
1,1,0.0001,10,0.15802,99.936543,839.814509
1,1,0.0001,10,0.15726,99.69149,839.850065
1,1,0.0001,10,0.15792,99.915958,839.786805
1,1,0.0001,10,0.15714,99.6839,839.958603
1,1,0.0001,10,0.15727,99.693855,839.66491
1,1,0.0001,100,0.1407,93.036122,849.829346
1,1,0.0001,100,0.14129,93.110909,848.508283
1,1,0.0001,100,0.14215,93.380279,849.821785
1,1,0.0001,100,0.1424,93.563259,849.715188
1,1,0.0001,100,0.14073,92.998026,849.667359
1,1,0.0001,1200,0.07167,52.411884,837.645975
1,1,0.0001,1200,0.08193,59.329326,832.457317
1,1,0.0001,1200,0.07674,54.531083,810.071173
1,1,0.0001,1200,0.0795,57.418997,823.363169
1,1,0.0001,1200,0.08452,60.093499,825.482039
1,1,0.0001,300,0.12753,86.229493,865.297904
1,1,0.0001,300,0.13123,87.80989,862.45878
1,1,0.0001,300,0.13022,87.355197,862.230762
1,1,0.0001,300,0.12693,85.854717,866.864533
1,1,0.0001,300,0.12823,86.541013,861.227573
1,1,0.0001,600,0.10882,76.151745,872.488466
1,1,0.0001,600,0.11482,78.585888,855.779868
1,1,0.0001,600,0.10657,74.449687,855.133758
1,1,0.0001,600,0.10951,76.572558,868.740935
1,1,0.0001,600,0.11756,79.709845,870.28258
1,1,0.00025,1,0.15935,100.439972,841.31653
1,1,0.00025,1,0.1592,100.387634,841.334747
1,1,0.00025,1,0.1594,100.452919,841.320118
1,1,0.00025,1,0.1589,100.288761,841.329171
1,1,0.00025,1,0.159075,100.355847,841.344952
1,1,0.00025,10,0.158575,100.115293,839.803934
1,1,0.00025,10,0.156975,99.586513,839.886257
1,1,0.00025,10,0.15815,99.973424,839.809755
1,1,0.00025,10,0.1574,99.732391,839.966976
1,1,0.00025,10,0.157225,99.653866,839.608371
1,1,0.00025,100,0.1418,93.400168,849.26498
1,1,0.00025,100,0.14435,94.29035,848.810106
1,1,0.00025,100,0.14075,92.876766,850.541702
1,1,0.00025,100,0.14455,94.433148,850.385189
1,1,0.00025,100,0.136,91.006043,850.252433
1,1,0.00025,1200,0.081425,58.810093,839.068851
1,1,0.00025,1200,0.07645,56.041491,834.936185
1,1,0.00025,1200,0.08195,57.682561,798.31311
1,1,0.00025,1200,0.09105,63.969105,834.23895
1,1,0.00025,1200,0.0832,59.559803,823.023982
1,1,0.00025,300,0.134,88.909483,864.663586
1,1,0.00025,300,0.134325,88.967275,864.277678
1,1,0.00025,300,0.132375,88.158295,863.059329
1,1,0.00025,300,0.132825,88.367975,866.988369
1,1,0.00025,300,0.13375,88.774975,864.640547
1,1,0.00025,600,0.119525,80.959246,874.015994
1,1,0.00025,600,0.111575,76.783492,864.426379
1,1,0.00025,600,0.119225,80.407058,856.519135
1,1,0.00025,600,0.11785,80.293586,865.887055
1,1,0.00025,600,0.1179,79.8013,861.628935
1,1,0.0005,1,0.15955,100.494197,841.468887
1,1,0.0005,1,0.15935,100.421313,841.463226
1,1,0.0005,1,0.15885,100.257149,841.458124
1,1,0.0005,1,0.1593,100.423176,841.459366
1,1,0.0005,1,0.159,100.317052,841.48653
1,1,0.0005,10,0.15705,99.626158,839.925742
1,1,0.0005,10,0.1582,99.99667,839.79218
1,1,0.0005,10,0.15795,99.91149,839.748614
1,1,0.0005,10,0.15805,99.951296,839.951118
1,1,0.0005,10,0.15775,99.838313,839.558603
1,1,0.0005,100,0.14115,93.170647,851.304019
1,1,0.0005,100,0.14745,95.475569,849.206613
1,1,0.0005,100,0.14445,94.251645,849.298651
1,1,0.0005,100,0.1396,92.43519,850.359018
1,1,0.0005,100,0.14395,94.266653,849.526907
1,1,0.0005,1200,0.08825,62.309919,841.997843
1,1,0.0005,1200,0.0988,67.829346,822.635523
1,1,0.0005,1200,0.08825,61.126479,788.612396
1,1,0.0005,1200,0.0916,64.01624,842.111836
1,1,0.0005,1200,0.0926,64.497927,829.528099
1,1,0.0005,300,0.13155,87.813521,865.203682
1,1,0.0005,300,0.1306,87.388141,865.644338
1,1,0.0005,300,0.1314,87.915439,863.264957
1,1,0.0005,300,0.13635,89.677374,867.725297
1,1,0.0005,300,0.135,89.348575,863.032008
1,1,0.0005,600,0.12565,83.565332,878.850946
1,1,0.0005,600,0.12235,81.801942,868.542148
1,1,0.0005,600,0.1264,83.430102,857.901469
1,1,0.0005,600,0.12325,82.669246,864.557606
1,1,0.0005,600,0.1186,80.051836,862.810719
1,1,0.001,1,0.1597,100.530307,841.740935
1,1,0.001,1,0.1595,100.478756,841.755538
1,1,0.001,1,0.1597,100.54509,841.753186
1,1,0.001,1,0.1597,100.540163,841.741539
1,1,0.001,1,0.1595,100.481996,841.781832
1,1,0.001,10,0.1585,100.088118,839.788413
1,1,0.001,10,0.1586,100.113946,839.869311
1,1,0.001,10,0.1583,100.01672,839.815709
1,1,0.001,10,0.1581,99.969165,840.006355
1,1,0.001,10,0.1583,99.996107,839.480809
1,1,0.001,100,0.1457,94.872783,850.824776
1,1,0.001,100,0.1381,91.769348,849.272881
1,1,0.001,100,0.1436,93.943824,847.675343
1,1,0.001,100,0.1443,94.263306,850.26049
1,1,0.001,100,0.146,95.033797,848.793847
1,1,0.001,1200,0.0813,58.300374,842.887266
1,1,0.001,1200,0.0973,67.411068,833.83517
1,1,0.001,1200,0.1009,67.545082,797.571356
1,1,0.001,1200,0.0952,66.010444,835.180181
1,1,0.001,1200,0.0891,62.143875,830.42506
1,1,0.001,300,0.1315,87.84046,865.758613
1,1,0.001,300,0.1352,89.263395,864.164904
1,1,0.001,300,0.1304,87.444069,863.113751
1,1,0.001,300,0.1372,90.096056,867.909405
1,1,0.001,300,0.1323,88.265562,866.289873
1,1,0.001,600,0.127,84.055289,871.649855
1,1,0.001,600,0.1187,80.179191,868.555771
1,1,0.001,600,0.1198,80.45517,853.83602
1,1,0.001,600,0.1097,76.533612,868.983994
1,1,0.001,600,0.1235,82.420724,863.621501
1,1,0.0025,1,0.16025,100.710819,842.668278
1,1,0.0025,1,0.16025,100.711403,842.65529
1,1,0.0025,1,0.16,100.648702,842.646913
1,1,0.0025,1,0.15925,100.396282,842.674336
1,1,0.0025,1,0.15925,100.403385,842.681394
1,1,0.0025,10,0.15925,100.328668,839.561735
1,1,0.0025,10,0.1585,100.072485,839.762067
1,1,0.0025,10,0.15825,100.007811,839.879551
1,1,0.0025,10,0.15725,99.627145,839.826049
1,1,0.0025,10,0.15825,99.990435,839.332558
1,1,0.0025,100,0.1405,92.816097,847.748277
1,1,0.0025,100,0.14675,95.192036,847.634631
1,1,0.0025,100,0.1505,96.512067,847.973302
1,1,0.0025,100,0.1485,95.821895,848.517975
1,1,0.0025,100,0.14975,96.329117,847.232908
1,1,0.0025,1200,0.10275,69.211807,845.083853
1,1,0.0025,1200,0.10625,71.114581,843.265967
1,1,0.0025,1200,0.10375,69.038559,816.032195
1,1,0.0025,1200,0.1055,70.618681,832.712313
1,1,0.0025,1200,0.09475,65.208806,827.161671
1,1,0.0025,300,0.13175,87.974188,865.878901
1,1,0.0025,300,0.13775,90.319257,866.593493
1,1,0.0025,300,0.13675,89.941369,861.030038
1,1,0.0025,300,0.13875,90.733635,864.710249
1,1,0.0025,300,0.13375,88.718317,863.31754
1,1,0.0025,600,0.11075,76.986971,873.075801
1,1,0.0025,600,0.126,83.44743,867.291932
1,1,0.0025,600,0.1225,81.709563,857.37112
1,1,0.0025,600,0.11225,77.702482,869.248725
1,1,0.0025,600,0.127,83.67124,865.943483
0,2,0.00005,1,0.100745,80.434745,970.29157
0,2,0.00005,1,0.10072,80.422614,970.237114
0,2,0.00005,1,0.10073,80.428572,970.262731
0,2,0.00005,1,0.100685,80.411739,970.234335
0,2,0.00005,1,0.1008,80.443287,969.983375
0,2,0.00005,10,0.100605,80.319087,967.630738
0,2,0.00005,10,0.10053,80.294207,967.623598
0,2,0.00005,10,0.100545,80.313892,967.420544
0,2,0.00005,10,0.100555,80.316317,967.903126
0,2,0.00005,10,0.10064,80.342412,967.622656
0,2,0.00005,100,0.098655,78.697824,956.735237
0,2,0.00005,100,0.09826,78.458138,955.058004
0,2,0.00005,100,0.09843,78.473489,955.416254
0,2,0.00005,100,0.09842,78.515507,958.635804
0,2,0.00005,100,0.09865,78.723003,957.478441
0,2,0.00005,1200,0.06921,54.728455,866.038853
0,2,0.00005,1200,0.0688,54.574841,867.386809
0,2,0.00005,1200,0.06451,52.245071,860.93888
0,2,0.00005,1200,0.056245,46.907434,867.74913
0,2,0.00005,1200,0.064935,53.178876,867.17889
0,2,0.00005,300,0.08906,72.311404,945.183496
0,2,0.00005,300,0.092085,73.73396,942.753904
0,2,0.00005,300,0.091045,73.036537,934.369929
0,2,0.00005,300,0.09157,73.767097,943.89186
0,2,0.00005,300,0.09411,75.137714,941.997421
0,2,0.00005,600,0.082605,66.151201,912.84927
0,2,0.00005,600,0.075305,62.692888,922.642133
0,2,0.00005,600,0.079715,65.604022,925.798985
0,2,0.00005,600,0.07903,64.929646,931.476142
0,2,0.00005,600,0.08005,65.237274,919.453526
0,2,0.0001,1,0.10082,80.453622,970.377871
0,2,0.0001,1,0.1008,80.435727,970.34912
0,2,0.0001,1,0.10075,80.438565,970.375339
0,2,0.0001,1,0.10067,80.404997,970.37123
0,2,0.0001,1,0.10082,80.432541,970.065005
0,2,0.0001,10,0.1008,80.373523,967.990921
0,2,0.0001,10,0.10074,80.3692,967.609944
0,2,0.0001,10,0.10045,80.255007,967.871888
0,2,0.0001,10,0.10045,80.251089,967.875101
0,2,0.0001,10,0.10063,80.342861,967.717707
0,2,0.0001,100,0.09792,78.276628,957.457779
0,2,0.0001,100,0.09829,78.45279,955.288581
0,2,0.0001,100,0.09892,78.725119,954.556812
0,2,0.0001,100,0.09784,78.220406,958.581381
0,2,0.0001,100,0.09855,78.672444,957.938998
0,2,0.0001,1200,0.0686,54.799349,868.523284
0,2,0.0001,1200,0.06999,55.522774,860.985046
0,2,0.0001,1200,0.06192,50.465161,876.475252
0,2,0.0001,1200,0.06674,54.051393,866.102882
0,2,0.0001,1200,0.06957,56.390245,860.07131
0,2,0.0001,300,0.09219,74.030555,946.818717
0,2,0.0001,300,0.09289,74.219697,942.260139
0,2,0.0001,300,0.09252,73.78751,939.337049
0,2,0.0001,300,0.09191,73.851096,943.934854
0,2,0.0001,300,0.09233,74.05043,941.8829
0,2,0.0001,600,0.08469,67.225969,902.789667
0,2,0.0001,600,0.08516,68.57099,914.469487
0,2,0.0001,600,0.08323,67.572824,926.081331
0,2,0.0001,600,0.0797,65.390605,926.448055
0,2,0.0001,600,0.08615,68.674579,926.836636
0,2,0.00025,1,0.100775,80.436316,970.765496
0,2,0.00025,1,0.10075,80.432586,970.679365
0,2,0.00025,1,0.100725,80.425005,970.708564
0,2,0.00025,1,0.100775,80.427925,970.687107
0,2,0.00025,1,0.100775,80.418481,970.362803
0,2,0.00025,10,0.1006,80.291161,967.906875
0,2,0.00025,10,0.10065,80.334261,967.818847
0,2,0.00025,10,0.100425,80.25701,968.127512
0,2,0.00025,10,0.100775,80.399936,968.552699
0,2,0.00025,10,0.100575,80.287767,968.134134
0,2,0.00025,100,0.099625,79.133068,958.222983
0,2,0.00025,100,0.096625,77.62384,955.992178
0,2,0.00025,100,0.099875,79.162956,955.229489
0,2,0.00025,100,0.0993,78.910568,958.206698
0,2,0.00025,100,0.09735,78.102669,959.039801
0,2,0.00025,1200,0.07195,56.608062,873.910756
0,2,0.00025,1200,0.0708,55.868756,865.120229
0,2,0.00025,1200,0.0705,56.318071,881.098682
0,2,0.00025,1200,0.07285,57.914241,877.734762
0,2,0.00025,1200,0.0701,56.571541,871.840516
0,2,0.00025,300,0.09415,75.076928,947.191509
0,2,0.00025,300,0.09565,75.670077,941.990212
0,2,0.00025,300,0.0956,75.493531,938.037847
0,2,0.00025,300,0.09425,75.09023,945.005612
0,2,0.00025,300,0.0942,75.116272,945.642352
0,2,0.00025,600,0.08715,68.756586,905.719768
0,2,0.00025,600,0.0871,69.417837,928.843887
0,2,0.00025,600,0.088625,70.500215,919.279074
0,2,0.00025,600,0.085625,68.784247,930.085377
0,2,0.00025,600,0.0828,66.876622,924.301087
0,2,0.0005,1,0.10095,80.507674,971.217943
0,2,0.0005,1,0.10085,80.430581,971.141912
0,2,0.0005,1,0.1009,80.487695,971.230153
0,2,0.0005,1,0.1008,80.418187,971.181584
0,2,0.0005,1,0.1009,80.474531,970.847143
0,2,0.0005,10,0.10055,80.269251,968.515422
0,2,0.0005,10,0.10075,80.37556,968.510051
0,2,0.0005,10,0.10035,80.23902,968.440338
0,2,0.0005,10,0.10045,80.235694,968.946402
0,2,0.0005,10,0.1006,80.281499,968.549752
0,2,0.0005,100,0.0984,78.503841,956.483575
0,2,0.0005,100,0.09925,78.91969,956.03162
0,2,0.0005,100,0.0993,78.843023,954.47912
0,2,0.0005,100,0.10045,79.44385,958.399591
0,2,0.0005,100,0.09935,79.055779,958.428594
0,2,0.0005,1200,0.07195,56.299938,865.360612
0,2,0.0005,1200,0.06565,52.458381,872.945549
0,2,0.0005,1200,0.07235,57.283669,883.929167
0,2,0.0005,1200,0.0748,58.940223,882.346498
0,2,0.0005,1200,0.0688,55.423487,885.793249
0,2,0.0005,300,0.0964,76.077006,947.882143
0,2,0.0005,300,0.09495,75.207426,942.082212
0,2,0.0005,300,0.09465,74.917801,940.272189
0,2,0.0005,300,0.09585,75.897461,946.858019
0,2,0.0005,300,0.0932,74.567788,946.024283
0,2,0.0005,600,0.0883,69.359969,908.484034
0,2,0.0005,600,0.08495,68.298813,928.82389
0,2,0.0005,600,0.0873,69.882531,928.573855
0,2,0.0005,600,0.08795,69.978937,930.753278
0,2,0.0005,600,0.09135,71.594363,926.194078
0,2,0.001,1,0.1008,80.386495,972.109563
0,2,0.001,1,0.1008,80.376691,972.034039
0,2,0.001,1,0.1009,80.458348,971.969492
0,2,0.001,1,0.1008,80.377677,971.953174
0,2,0.001,1,0.1009,80.395414,971.768468
0,2,0.001,10,0.1007,80.349426,969.00125
0,2,0.001,10,0.1006,80.258953,968.794681
0,2,0.001,10,0.101,80.461576,969.174152
0,2,0.001,10,0.1004,80.211736,969.010084
0,2,0.001,10,0.1004,80.235625,968.812942
0,2,0.001,100,0.0992,79.00049,954.405545
0,2,0.001,100,0.0995,79.002332,956.994691
0,2,0.001,100,0.0994,78.891168,953.128244
0,2,0.001,100,0.0993,78.9146,957.498676
0,2,0.001,100,0.1002,79.506838,957.422695
0,2,0.001,1200,0.0707,55.768822,875.072997
0,2,0.001,1200,0.076,59.074732,873.492086
0,2,0.001,1200,0.0693,55.517985,881.016796
0,2,0.001,1200,0.0777,60.632493,875.98056
0,2,0.001,1200,0.0755,59.579628,888.413063
0,2,0.001,300,0.0976,76.699046,952.375263
0,2,0.001,300,0.097,76.311231,946.970124
0,2,0.001,300,0.0957,75.478713,944.043496
0,2,0.001,300,0.0938,74.983055,953.725665
0,2,0.001,300,0.0924,74.210974,946.799408
0,2,0.001,600,0.0836,66.863506,907.724095
0,2,0.001,600,0.0906,71.201165,930.510174
0,2,0.001,600,0.081,66.273703,934.754045
0,2,0.001,600,0.0889,70.409751,932.816206
0,2,0.001,600,0.0909,71.358881,930.569816
0,2,0.0025,1,0.10125,80.631877,972.791092
0,2,0.0025,1,0.10125,80.635134,973.215002
0,2,0.0025,1,0.10125,80.624694,973.29405
0,2,0.0025,1,0.10125,80.622785,972.321551
0,2,0.0025,1,0.10125,80.622117,972.526276
0,2,0.0025,10,0.1015,80.627812,970.293103
0,2,0.0025,10,0.101,80.487488,969.802429
0,2,0.0025,10,0.10075,80.374735,969.983731
0,2,0.0025,10,0.101,80.461166,970.382626
0,2,0.0025,10,0.10025,80.116201,970.393297
0,2,0.0025,100,0.10075,79.705447,950.709538
0,2,0.0025,100,0.10075,79.618101,949.239078
0,2,0.0025,100,0.10125,79.782613,941.032021
0,2,0.0025,100,0.101,79.730508,949.628808
0,2,0.0025,100,0.10075,79.672171,952.802287
0,2,0.0025,1200,0.07425,57.331996,879.334107
0,2,0.0025,1200,0.07975,60.942181,889.618932
0,2,0.0025,1200,0.06875,55.096824,877.09568
0,2,0.0025,1200,0.0795,61.63626,897.83203
0,2,0.0025,1200,0.0725,57.672147,892.743833
0,2,0.0025,300,0.09725,76.576553,957.064245
0,2,0.0025,300,0.09775,76.621178,951.53138
0,2,0.0025,300,0.09925,77.216672,941.781639
0,2,0.0025,300,0.099,77.539968,956.881029
0,2,0.0025,300,0.09675,76.419448,949.563392
0,2,0.0025,600,0.089,69.98588,907.832165
0,2,0.0025,600,0.0855,68.703638,941.744246
0,2,0.0025,600,0.0865,69.345886,933.631022
0,2,0.0025,600,0.0915,71.913117,935.26101
0,2,0.0025,600,0.09425,72.925757,939.616136
1,2,0.00005,1,0.15948,100.318971,840.287117
1,2,0.00005,1,0.159605,100.366683,840.297115
1,2,0.00005,1,0.15967,100.382826,840.274017
1,2,0.00005,1,0.159545,100.349455,840.308152
1,2,0.00005,1,0.15974,100.420558,840.327158
1,2,0.00005,10,0.15778,99.687555,838.975034
1,2,0.00005,10,0.158015,99.757776,839.001037
1,2,0.00005,10,0.15801,99.771572,838.625715
1,2,0.00005,10,0.15779,99.682676,838.927766
1,2,0.00005,10,0.1582,99.831885,838.917723
1,2,0.00005,100,0.138735,91.98765,848.759949
1,2,0.00005,100,0.141665,93.119235,847.658403
1,2,0.00005,100,0.13976,92.355023,847.521819
1,2,0.00005,100,0.141445,93.176962,848.774812
1,2,0.00005,100,0.139765,92.265946,844.950859
1,2,0.00005,1200,0.075445,56.202005,843.775472
1,2,0.00005,1200,0.0733,54.665484,836.596215
1,2,0.00005,1200,0.0725,54.073874,826.045873
1,2,0.00005,1200,0.07673,56.592195,842.115468
1,2,0.00005,1200,0.073945,54.839627,828.963067
1,2,0.00005,300,0.130355,87.308924,866.879858
1,2,0.00005,300,0.12697,86.022362,864.056625
1,2,0.00005,300,0.12594,85.15017,861.60284
1,2,0.00005,300,0.130885,87.259942,863.464108
1,2,0.00005,300,0.13123,87.349627,860.827785
1,2,0.00005,600,0.104615,74.087968,865.635834
1,2,0.00005,600,0.11189,77.09424,859.758924
1,2,0.00005,600,0.10698,74.291527,857.281978
1,2,0.00005,600,0.10989,76.297872,861.307483
1,2,0.00005,600,0.106255,74.761857,862.778483
1,2,0.0001,1,0.15954,100.32981,840.305763
1,2,0.0001,1,0.15961,100.363829,840.318079
1,2,0.0001,1,0.15974,100.404302,840.293807
1,2,0.0001,1,0.15957,100.347579,840.314755
1,2,0.0001,1,0.15948,100.331802,840.336576
1,2,0.0001,10,0.15758,99.613862,838.987745
1,2,0.0001,10,0.15818,99.81814,838.994179
1,2,0.0001,10,0.15828,99.851952,838.726468
1,2,0.0001,10,0.15771,99.668134,839.097267
1,2,0.0001,10,0.15835,99.865794,838.929201
1,2,0.0001,100,0.14203,93.295136,848.43117
1,2,0.0001,100,0.14197,93.262018,847.945156
1,2,0.0001,100,0.14152,93.020071,847.68586
1,2,0.0001,100,0.14146,93.155291,848.091578
1,2,0.0001,100,0.13864,91.85091,846.495685
1,2,0.0001,1200,0.08093,58.817144,841.997061
1,2,0.0001,1200,0.0814,58.919648,827.787923
1,2,0.0001,1200,0.07616,56.001254,827.985327
1,2,0.0001,1200,0.0716,53.659391,835.643944
1,2,0.0001,1200,0.07629,56.319584,832.522999
1,2,0.0001,300,0.13129,87.716248,868.639348
1,2,0.0001,300,0.1314,87.966676,865.319447
1,2,0.0001,300,0.12836,86.16408,863.100157
1,2,0.0001,300,0.13003,86.874924,864.909626
1,2,0.0001,300,0.12771,85.678217,860.034749
1,2,0.0001,600,0.11393,78.559915,871.005448
1,2,0.0001,600,0.117,79.352028,858.01594
1,2,0.0001,600,0.11864,79.483151,855.589199
1,2,0.0001,600,0.1138,77.99583,858.332767
1,2,0.0001,600,0.10423,73.407438,868.969861
1,2,0.00025,1,0.159725,100.382577,840.394047
1,2,0.00025,1,0.1596,100.352518,840.396362
1,2,0.00025,1,0.15975,100.401615,840.384918
1,2,0.00025,1,0.159725,100.390985,840.375131
1,2,0.00025,1,0.159625,100.374371,840.411072
1,2,0.00025,10,0.157825,99.705565,838.965141
1,2,0.00025,10,0.1581,99.767676,838.876485
1,2,0.00025,10,0.15765,99.611455,838.6512
1,2,0.00025,10,0.15795,99.739734,839.218171
1,2,0.00025,10,0.15895,100.060628,839.044778
1,2,0.00025,100,0.1458,94.737399,848.325529
1,2,0.00025,100,0.1423,93.379561,848.76783
1,2,0.00025,100,0.1443,94.075401,847.973558
1,2,0.00025,100,0.142275,93.50558,847.906295
1,2,0.00025,100,0.1428,93.52869,847.517256
1,2,0.00025,1200,0.0943,66.256315,840.39178
1,2,0.00025,1200,0.08585,61.489667,835.325093
1,2,0.00025,1200,0.0801,58.417387,829.238795
1,2,0.00025,1200,0.090675,64.408966,839.58829
1,2,0.00025,1200,0.083225,60.300641,837.369338
1,2,0.00025,300,0.13045,87.310107,866.924578
1,2,0.00025,300,0.131675,88.020533,863.20837
1,2,0.00025,300,0.13235,87.917824,862.082982
1,2,0.00025,300,0.13195,87.576658,864.427936
1,2,0.00025,300,0.129925,86.668788,865.117262
1,2,0.00025,600,0.106775,74.927359,862.445928
1,2,0.00025,600,0.119475,80.641287,858.016782
1,2,0.00025,600,0.121725,81.059642,854.364051
1,2,0.00025,600,0.10665,74.458589,862.131382
1,2,0.00025,600,0.116375,79.351549,863.96712
1,2,0.0005,1,0.15975,100.400891,840.515416
1,2,0.0005,1,0.1598,100.408258,840.543078
1,2,0.0005,1,0.1599,100.447346,840.500397
1,2,0.0005,1,0.16,100.489141,840.538423
1,2,0.0005,1,0.16,100.490726,840.544117
1,2,0.0005,10,0.15895,100.052584,838.907943
1,2,0.0005,10,0.1585,99.898045,838.926444
1,2,0.0005,10,0.15855,99.909632,838.658993
1,2,0.0005,10,0.1582,99.801472,839.050594
1,2,0.0005,10,0.1586,99.956524,838.974468
1,2,0.0005,100,0.1432,93.723323,849.067799
1,2,0.0005,100,0.14295,93.627894,847.70642
1,2,0.0005,100,0.14475,94.22784,847.836817
1,2,0.0005,100,0.1456,94.710455,847.141052
1,2,0.0005,100,0.14305,93.549236,846.21049
1,2,0.0005,1200,0.09075,64.130959,844.564087
1,2,0.0005,1200,0.0885,62.769183,839.281467
1,2,0.0005,1200,0.09195,64.442025,831.291103
1,2,0.0005,1200,0.08865,63.214817,841.328568
1,2,0.0005,1200,0.08965,63.716339,831.719996
1,2,0.0005,300,0.1325,88.06091,866.588045
1,2,0.0005,300,0.1324,88.156654,866.04356
1,2,0.0005,300,0.13235,87.930637,861.381797
1,2,0.0005,300,0.13225,87.665167,865.740862
1,2,0.0005,300,0.13485,88.688789,861.678663
1,2,0.0005,600,0.118,80.255737,860.84624
1,2,0.0005,600,0.11735,79.486452,863.006042
1,2,0.0005,600,0.12225,81.293228,856.078276
1,2,0.0005,600,0.12275,81.873271,870.078338
1,2,0.0005,600,0.10935,75.926459,869.934776
1,2,0.001,1,0.1599,100.436197,840.786652
1,2,0.001,1,0.16,100.483411,840.813185
1,2,0.001,1,0.1599,100.447223,840.794694
1,2,0.001,1,0.1602,100.534959,840.801937
1,2,0.001,1,0.1599,100.455673,840.823547
1,2,0.001,10,0.159,100.055712,838.878622
1,2,0.001,10,0.1584,99.86489,839.023139
1,2,0.001,10,0.1589,100.024219,838.761586
1,2,0.001,10,0.1582,99.797799,838.945738
1,2,0.001,10,0.1576,99.627521,838.979835
1,2,0.001,100,0.1448,94.377971,848.741009
1,2,0.001,100,0.1488,95.763784,848.377188
1,2,0.001,100,0.1446,94.105166,847.62079
1,2,0.001,100,0.1463,95.052219,847.016985
1,2,0.001,100,0.1436,93.699601,846.809218
1,2,0.001,1200,0.0938,66.047298,840.246296
1,2,0.001,1200,0.0932,64.802146,837.592728
1,2,0.001,1200,0.0896,62.752579,841.900717
1,2,0.001,1200,0.0974,67.05946,833.619884
1,2,0.001,1200,0.0966,67.340702,846.73604
1,2,0.001,300,0.1317,87.856971,866.919391
1,2,0.001,300,0.1285,86.587997,864.009059
1,2,0.001,300,0.1343,88.441029,861.567258
1,2,0.001,300,0.1346,88.80847,867.302583
1,2,0.001,300,0.1338,88.081789,865.054621
1,2,0.001,600,0.1119,77.438789,869.488403
1,2,0.001,600,0.1165,79.172199,863.214978
1,2,0.001,600,0.1276,83.571414,863.001041
1,2,0.001,600,0.1238,82.438486,868.857631
1,2,0.001,600,0.1219,81.826739,873.545243
1,2,0.0025,1,0.1605,100.631544,841.659011
1,2,0.0025,1,0.1605,100.574306,841.682954
1,2,0.0025,1,0.16025,100.559757,841.670262
1,2,0.0025,1,0.16025,100.55998,841.62877
1,2,0.0025,1,0.16025,100.574983,841.681685
1,2,0.0025,10,0.15825,99.815138,838.803618
1,2,0.0025,10,0.158,99.734803,838.803752
1,2,0.0025,10,0.16,100.372925,838.746141
1,2,0.0025,10,0.16025,100.488868,838.991068
1,2,0.0025,10,0.159,100.058732,838.781923
1,2,0.0025,100,0.14275,93.477086,846.669516
1,2,0.0025,100,0.14925,95.945005,847.9448
1,2,0.0025,100,0.14625,94.741357,843.596488
1,2,0.0025,100,0.14425,94.132013,844.658828
1,2,0.0025,100,0.14525,94.351381,842.878776
1,2,0.0025,1200,0.085,61.614991,857.028954
1,2,0.0025,1200,0.101,68.846379,835.840044
1,2,0.0025,1200,0.10275,69.991148,831.142961
1,2,0.0025,1200,0.09575,66.367278,847.159397
1,2,0.0025,1200,0.10475,71.162669,850.396673
1,2,0.0025,300,0.1325,88.102078,865.668538
1,2,0.0025,300,0.136,89.78876,863.215794
1,2,0.0025,300,0.13325,88.218891,860.382923
1,2,0.0025,300,0.1385,90.21262,861.261172
1,2,0.0025,300,0.13625,89.211652,862.787998
1,2,0.0025,600,0.1065,74.609154,870.967516
1,2,0.0025,600,0.13275,85.992205,863.626222
1,2,0.0025,600,0.12325,81.436912,856.92313
1,2,0.0025,600,0.11175,76.704836,868.021779
1,2,0.0025,600,0.12075,81.466739,872.797327
0,3,0.00005,1,0.10016,79.966407,968.512877
0,3,0.00005,1,0.10007,79.931292,968.635397
0,3,0.00005,1,0.100035,79.907464,968.639482
0,3,0.00005,1,0.10007,79.935278,968.504783
0,3,0.00005,1,0.100165,79.956729,968.516878
0,3,0.00005,10,0.09982,79.79684,966.336429
0,3,0.00005,10,0.099835,79.756685,965.676033
0,3,0.00005,10,0.099955,79.803853,965.470176
0,3,0.00005,10,0.099875,79.803777,966.050749
0,3,0.00005,10,0.09975,79.755218,966.191883
0,3,0.00005,100,0.09798,78.216234,957.559124
0,3,0.00005,100,0.096275,77.322321,953.682364
0,3,0.00005,100,0.09769,77.992812,951.546535
0,3,0.00005,100,0.09814,78.262517,957.774092
0,3,0.00005,100,0.09871,78.536714,954.709319
0,3,0.00005,1200,0.063835,51.414728,863.181406
0,3,0.00005,1200,0.06515,52.757874,861.742831
0,3,0.00005,1200,0.06385,52.204594,883.336181
0,3,0.00005,1200,0.063125,51.415475,875.341075
0,3,0.00005,1200,0.066565,53.471015,875.739091
0,3,0.00005,300,0.08903,72.218484,943.814406
0,3,0.00005,300,0.089,72.27916,941.895967
0,3,0.00005,300,0.092785,74.125521,942.050687
0,3,0.00005,300,0.09289,74.156312,940.426135
0,3,0.00005,300,0.0934,74.431364,939.926853
0,3,0.00005,600,0.07809,63.877009,917.89779
0,3,0.00005,600,0.07961,64.771639,925.381607
0,3,0.00005,600,0.07747,63.079415,901.537969
0,3,0.00005,600,0.075185,62.730427,924.525679
0,3,0.00005,600,0.078645,64.272103,913.291844
0,3,0.0001,1,0.10014,79.945614,968.680638
0,3,0.0001,1,0.09996,79.896544,968.73051
0,3,0.0001,1,0.10006,79.93197,968.69572
0,3,0.0001,1,0.10009,79.936309,968.626874
0,3,0.0001,1,0.10003,79.914301,968.635739
0,3,0.0001,10,0.09973,79.758673,966.413613
0,3,0.0001,10,0.10009,79.861169,965.710485
0,3,0.0001,10,0.10017,79.899979,965.783724
0,3,0.0001,10,0.09995,79.830563,966.228794
0,3,0.0001,10,0.09979,79.760412,966.360821
0,3,0.0001,100,0.09718,77.771357,957.008627
0,3,0.0001,100,0.09833,78.373057,954.332808
0,3,0.0001,100,0.09766,77.93641,952.384682
0,3,0.0001,100,0.0983,78.264386,958.326534
0,3,0.0001,100,0.09852,78.426719,955.66217
0,3,0.0001,1200,0.06769,54.077426,859.783866
0,3,0.0001,1200,0.06167,50.340171,859.459209
0,3,0.0001,1200,0.06686,53.969618,873.047795
0,3,0.0001,1200,0.06725,54.115079,866.711553
0,3,0.0001,1200,0.06631,53.145632,863.428153
0,3,0.0001,300,0.09161,73.607505,946.702569
0,3,0.0001,300,0.09074,73.319448,942.515598
0,3,0.0001,300,0.09201,73.644498,937.826983
0,3,0.0001,300,0.09404,74.757387,940.643327
0,3,0.0001,300,0.09044,72.825319,943.166882
0,3,0.0001,600,0.08337,67.053355,914.444766
0,3,0.0001,600,0.08304,66.698481,918.136714
0,3,0.0001,600,0.08462,67.252801,903.562505
0,3,0.0001,600,0.08124,66.26729,919.619904
0,3,0.0001,600,0.08347,67.063414,913.90784
0,3,0.00025,1,0.10005,79.910912,969.019807
0,3,0.00025,1,0.100125,79.94071,968.984848
0,3,0.00025,1,0.1,79.912514,969.050837
0,3,0.00025,1,0.10005,79.889146,968.878283
0,3,0.00025,1,0.1,79.894161,968.942384
0,3,0.00025,10,0.099975,79.881558,966.740758
0,3,0.00025,10,0.09995,79.832575,966.019124
0,3,0.00025,10,0.099825,79.75423,965.850027
0,3,0.00025,10,0.1,79.825103,966.51078
0,3,0.00025,10,0.099975,79.850102,966.747258
0,3,0.00025,100,0.096575,77.506742,958.385547
0,3,0.00025,100,0.097825,78.075685,955.487147
0,3,0.00025,100,0.09935,78.756009,953.664218
0,3,0.00025,100,0.097875,78.054071,958.616714
0,3,0.00025,100,0.097225,77.765543,954.533418
0,3,0.00025,1200,0.0655,52.507422,866.118735
0,3,0.00025,1200,0.064525,52.328458,869.334709
0,3,0.00025,1200,0.068475,54.907165,879.376801
0,3,0.00025,1200,0.06695,53.850211,880.977635
0,3,0.00025,1200,0.06955,55.335995,874.708463
0,3,0.00025,300,0.0925,74.148474,947.504832
0,3,0.00025,300,0.09455,75.153545,945.32851
0,3,0.00025,300,0.092825,74.08744,942.735332
0,3,0.00025,300,0.0916,73.412654,947.477421
0,3,0.00025,300,0.09285,74.125418,944.647875
0,3,0.00025,600,0.0866,68.825991,914.721508
0,3,0.00025,600,0.0827,66.536292,922.83958
0,3,0.00025,600,0.08365,66.730125,907.77034
0,3,0.00025,600,0.083525,67.581536,925.196582
0,3,0.00025,600,0.084175,67.378647,918.973743
0,3,0.0005,1,0.1002,79.944973,969.468748
0,3,0.0005,1,0.1001,79.904301,969.583842
0,3,0.0005,1,0.10025,80.001161,969.561318
0,3,0.0005,1,0.1003,80.00033,969.410506
0,3,0.0005,1,0.1001,79.898633,969.487311
0,3,0.0005,10,0.10015,79.934853,967.034449
0,3,0.0005,10,0.09965,79.720483,966.818436
0,3,0.0005,10,0.10015,79.892641,966.189128
0,3,0.0005,10,0.1,79.882206,966.842335
0,3,0.0005,10,0.10015,79.916536,967.273351
0,3,0.0005,100,0.0987,78.528555,958.075705
0,3,0.0005,100,0.0979,78.151385,954.689914
0,3,0.0005,100,0.09815,78.125881,952.706938
0,3,0.0005,100,0.09985,79.077107,956.870603
0,3,0.0005,100,0.09915,78.768371,955.527582
0,3,0.0005,1200,0.07455,58.031007,868.707352
0,3,0.0005,1200,0.0664,53.511029,882.16913
0,3,0.0005,1200,0.0699,56.100455,887.215911
0,3,0.0005,1200,0.07175,56.961596,895.771135
0,3,0.0005,1200,0.07055,55.876096,874.076231
0,3,0.0005,300,0.0935,74.653184,948.270338
0,3,0.0005,300,0.0942,75.046424,943.799382
0,3,0.0005,300,0.09465,74.992424,942.407671
0,3,0.0005,300,0.0953,75.409941,949.034644
0,3,0.0005,300,0.09385,74.659847,945.282095
0,3,0.0005,600,0.0815,65.705333,918.216503
0,3,0.0005,600,0.0857,68.239396,929.558825
0,3,0.0005,600,0.0812,65.468499,911.833048
0,3,0.0005,600,0.08435,68.060194,928.268721
0,3,0.0005,600,0.085,67.959405,920.211806
0,3,0.001,1,0.1004,79.997768,970.387878
0,3,0.001,1,0.1003,80.00578,970.292941
0,3,0.001,1,0.1003,79.997752,970.356406
0,3,0.001,1,0.1004,80.013525,970.25262
0,3,0.001,1,0.1003,79.990864,970.262929
0,3,0.001,10,0.1003,79.986454,967.941004
0,3,0.001,10,0.1002,79.891269,967.023994
0,3,0.001,10,0.1003,79.887703,967.289267
0,3,0.001,10,0.0999,79.79844,967.671127
0,3,0.001,10,0.1002,79.95091,967.643628
0,3,0.001,100,0.1002,79.251466,953.995669
0,3,0.001,100,0.0982,78.244541,953.555818
0,3,0.001,100,0.099,78.582274,950.787631
0,3,0.001,100,0.0996,78.846982,957.157089
0,3,0.001,100,0.0996,78.938635,955.70643
0,3,0.001,1200,0.073,57.157268,875.239938
0,3,0.001,1200,0.0712,56.591369,882.507025
0,3,0.001,1200,0.0682,54.682368,880.052701
0,3,0.001,1200,0.0728,57.58001,884.218529
0,3,0.001,1200,0.0691,54.790444,862.604344
0,3,0.001,300,0.0966,76.146154,950.298762
0,3,0.001,300,0.0926,74.233727,948.634684
0,3,0.001,300,0.0913,73.331247,943.469107
0,3,0.001,300,0.0959,75.744031,952.274047
0,3,0.001,300,0.0937,74.458963,949.442868
0,3,0.001,600,0.0817,66.158808,920.976747
0,3,0.001,600,0.0866,68.598608,927.101883
0,3,0.001,600,0.0891,69.859121,912.432012
0,3,0.001,600,0.0795,65.382675,930.364314
0,3,0.001,600,0.0898,70.631342,922.926605
0,3,0.0025,1,0.1005,80.046365,971.46105
0,3,0.0025,1,0.10025,79.973497,971.218353
0,3,0.0025,1,0.1005,80.019679,971.593884
0,3,0.0025,1,0.1005,80.026656,971.495745
0,3,0.0025,1,0.1005,80.038448,970.929889
0,3,0.0025,10,0.10025,79.937202,967.827224
0,3,0.0025,10,0.10025,79.855183,969.047967
0,3,0.0025,10,0.10025,79.821042,968.266098
0,3,0.0025,10,0.1,79.766829,968.590218
0,3,0.0025,10,0.10025,79.894406,968.294741
0,3,0.0025,100,0.09925,78.651556,949.616054
0,3,0.0025,100,0.0995,78.851204,948.958087
0,3,0.0025,100,0.09925,78.613965,946.392628
0,3,0.0025,100,0.09925,78.74651,951.808267
0,3,0.0025,100,0.10075,79.528066,948.559827
0,3,0.0025,1200,0.07425,57.795374,876.214518
0,3,0.0025,1200,0.06875,55.044362,884.741734
0,3,0.0025,1200,0.0735,58.067439,891.46021
0,3,0.0025,1200,0.07425,58.616945,888.349892
0,3,0.0025,1200,0.073,57.162924,872.046214
0,3,0.0025,300,0.09675,76.235119,948.96662
0,3,0.0025,300,0.09475,75.274832,956.456078
0,3,0.0025,300,0.09425,74.733708,944.62877
0,3,0.0025,300,0.09825,76.80372,953.220579
0,3,0.0025,300,0.0935,74.546032,948.70852
0,3,0.0025,600,0.0885,69.894945,922.414826
0,3,0.0025,600,0.09125,71.146798,934.895039
0,3,0.0025,600,0.08925,69.931438,920.13233
0,3,0.0025,600,0.09025,71.306688,930.554868
0,3,0.0025,600,0.0895,70.324953,929.927181
1,3,0.00005,1,0.16045,100.481364,839.378272
1,3,0.00005,1,0.160595,100.524936,839.37627
1,3,0.00005,1,0.16043,100.471845,839.366006
1,3,0.00005,1,0.160725,100.576294,839.372458
1,3,0.00005,1,0.160265,100.427778,839.373605
1,3,0.00005,10,0.159165,99.952329,837.861362
1,3,0.00005,10,0.15891,99.929307,837.951522
1,3,0.00005,10,0.157835,99.573328,838.066224
1,3,0.00005,10,0.158935,99.927518,837.956195
1,3,0.00005,10,0.15871,99.841741,837.988749
1,3,0.00005,100,0.14104,92.859147,848.845482
1,3,0.00005,100,0.141285,92.801598,849.025437
1,3,0.00005,100,0.14185,93.098988,845.660732
1,3,0.00005,100,0.138945,92.019408,847.230802
1,3,0.00005,100,0.140075,92.404002,846.481227
1,3,0.00005,1200,0.075275,55.322171,827.796319
1,3,0.00005,1200,0.071645,52.479089,823.006299
1,3,0.00005,1200,0.076105,55.825964,822.850966
1,3,0.00005,1200,0.071815,53.033834,836.116431
1,3,0.00005,1200,0.076425,55.679112,819.980423
1,3,0.00005,300,0.12925,86.628819,864.710758
1,3,0.00005,300,0.12703,85.52622,862.779572
1,3,0.00005,300,0.12691,85.655831,861.280192
1,3,0.00005,300,0.125815,85.292463,862.482983
1,3,0.00005,300,0.122815,83.78137,865.979921
1,3,0.00005,600,0.10955,76.081957,864.009218
1,3,0.00005,600,0.111745,77.331027,857.946208
1,3,0.00005,600,0.109185,75.966151,866.030277
1,3,0.00005,600,0.10002,71.034945,856.24746
1,3,0.00005,600,0.1116,76.989252,859.527709
1,3,0.0001,1,0.16059,100.531692,839.373113
1,3,0.0001,1,0.16061,100.529218,839.379798
1,3,0.0001,1,0.16076,100.57668,839.357718
1,3,0.0001,1,0.16047,100.491234,839.383698
1,3,0.0001,1,0.16034,100.451783,839.402433
1,3,0.0001,10,0.1593,99.982345,837.815717
1,3,0.0001,10,0.15876,99.871608,838.044857
1,3,0.0001,10,0.15845,99.77468,838.057153
1,3,0.0001,10,0.15924,100.013396,837.978536
1,3,0.0001,10,0.15943,100.056007,838.015859
1,3,0.0001,100,0.14052,92.638782,848.807227
1,3,0.0001,100,0.14153,92.887126,849.407115
1,3,0.0001,100,0.14067,92.648552,846.530567
1,3,0.0001,100,0.14076,92.743362,847.592907
1,3,0.0001,100,0.13982,92.345106,847.411203
1,3,0.0001,1200,0.07143,52.648067,830.921571
1,3,0.0001,1200,0.07658,56.150621,815.75093
1,3,0.0001,1200,0.08423,60.225102,830.730756
1,3,0.0001,1200,0.07442,54.280015,844.6031
1,3,0.0001,1200,0.07429,54.74849,830.519679
1,3,0.0001,300,0.12985,86.879459,866.989555
1,3,0.0001,300,0.1316,87.491217,862.506212
1,3,0.0001,300,0.12662,85.481479,862.719318
1,3,0.0001,300,0.12613,85.349579,862.743628
1,3,0.0001,300,0.13061,87.140685,866.895671
1,3,0.0001,600,0.1136,77.888211,864.127553
1,3,0.0001,600,0.10959,76.467644,866.122922
1,3,0.0001,600,0.11819,80.11426,862.890329
1,3,0.0001,600,0.11322,77.318242,852.602605
1,3,0.0001,600,0.1151,78.554695,858.071398
1,3,0.00025,1,0.1608,100.595148,839.443807
1,3,0.00025,1,0.160675,100.543224,839.466719
1,3,0.00025,1,0.1606,100.513051,839.452949
1,3,0.00025,1,0.16075,100.570836,839.43444
1,3,0.00025,1,0.160775,100.574092,839.45475
1,3,0.00025,10,0.159825,100.169387,837.8626
1,3,0.00025,10,0.15925,100.01642,837.960899
1,3,0.00025,10,0.15905,99.963858,838.109093
1,3,0.00025,10,0.159375,100.036792,838.071759
1,3,0.00025,10,0.15845,99.738021,837.927005
1,3,0.00025,100,0.14645,94.863421,849.998497
1,3,0.00025,100,0.145125,94.193263,848.453841
1,3,0.00025,100,0.143225,93.608696,846.678295
1,3,0.00025,100,0.14235,93.315858,848.246183
1,3,0.00025,100,0.1448,94.190852,847.593935
1,3,0.00025,1200,0.085525,60.93836,834.209699
1,3,0.00025,1200,0.0882,62.409624,830.089991
1,3,0.00025,1200,0.0874,62.228854,841.639247
1,3,0.00025,1200,0.080275,57.619869,844.117636
1,3,0.00025,1200,0.08975,63.407461,844.795635
1,3,0.00025,300,0.13345,88.39625,871.110642
1,3,0.00025,300,0.1329,88.00259,865.033197
1,3,0.00025,300,0.132875,88.068335,859.267491
1,3,0.00025,300,0.131925,87.715776,864.375458
1,3,0.00025,300,0.1285,86.156019,862.905171
1,3,0.00025,600,0.1097,75.873493,869.276325
1,3,0.00025,600,0.1047,73.737753,867.358979
1,3,0.00025,600,0.116825,79.499591,865.042701
1,3,0.00025,600,0.118625,79.809095,854.637757
1,3,0.00025,600,0.106225,74.286998,875.471087
1,3,0.0005,1,0.16075,100.565997,839.570679
1,3,0.0005,1,0.16095,100.621153,839.596958
1,3,0.0005,1,0.1608,100.576254,839.562357
1,3,0.0005,1,0.16095,100.635059,839.560961
1,3,0.0005,1,0.16075,100.562126,839.573573
1,3,0.0005,10,0.1595,100.039375,837.751055
1,3,0.0005,10,0.1597,100.151999,837.919199
1,3,0.0005,10,0.15895,99.916512,838.020607
1,3,0.0005,10,0.15945,100.055882,838.046311
1,3,0.0005,10,0.15975,100.153842,837.810803
1,3,0.0005,100,0.1422,93.313073,849.038836
1,3,0.0005,100,0.13745,91.204069,847.90133
1,3,0.0005,100,0.14615,94.721556,846.806049
1,3,0.0005,100,0.1434,93.743363,848.053316
1,3,0.0005,100,0.1433,93.687485,847.404937
1,3,0.0005,1200,0.07275,53.099163,838.444364
1,3,0.0005,1200,0.08035,57.05559,823.759771
1,3,0.0005,1200,0.0842,60.27113,844.039108
1,3,0.0005,1200,0.0897,63.295458,842.844599
1,3,0.0005,1200,0.087,62.273312,849.187123
1,3,0.0005,300,0.13335,88.371981,866.225735
1,3,0.0005,300,0.12925,86.39842,862.503151
1,3,0.0005,300,0.12885,86.224484,859.719729
1,3,0.0005,300,0.12905,86.641246,865.803939
1,3,0.0005,300,0.1321,87.664488,861.966202
1,3,0.0005,600,0.11445,78.369622,866.529132
1,3,0.0005,600,0.1126,77.526812,860.483655
1,3,0.0005,600,0.1042,73.396101,871.403666
1,3,0.0005,600,0.1048,73.207694,856.762098
1,3,0.0005,600,0.11375,77.7733,865.258244
1,3,0.001,1,0.1609,100.614585,839.808544
1,3,0.001,1,0.161,100.638319,839.836572
1,3,0.001,1,0.1607,100.542007,839.819913
1,3,0.001,1,0.161,100.64948,839.795242
1,3,0.001,1,0.1609,100.618928,839.831943
1,3,0.001,10,0.1603,100.308943,837.536575
1,3,0.001,10,0.1593,100.027133,838.059533
1,3,0.001,10,0.16,100.27852,838.045397
1,3,0.001,10,0.1599,100.198241,838.083658
1,3,0.001,10,0.1594,100.014564,837.757832
1,3,0.001,100,0.1437,93.85251,848.932468
1,3,0.001,100,0.1484,95.460552,848.311237
1,3,0.001,100,0.1463,94.72199,845.897839
1,3,0.001,100,0.1454,94.507874,848.006487
1,3,0.001,100,0.1394,92.093157,846.112218
1,3,0.001,1200,0.0966,66.113974,852.116419
1,3,0.001,1200,0.0894,62.804623,831.466617
1,3,0.001,1200,0.086,61.02184,833.885323
1,3,0.001,1200,0.0947,65.668664,848.260212
1,3,0.001,1200,0.0927,64.644229,851.847526
1,3,0.001,300,0.1345,88.956916,868.750924
1,3,0.001,300,0.1342,88.578172,863.156962
1,3,0.001,300,0.1279,85.87216,860.534257
1,3,0.001,300,0.1346,88.924776,866.341472
1,3,0.001,300,0.132,87.63086,865.161242
1,3,0.001,600,0.1148,78.46142,877.002734
1,3,0.001,600,0.1148,78.576868,870.910308
1,3,0.001,600,0.1211,81.328621,865.993976
1,3,0.001,600,0.1231,81.740546,860.626386
1,3,0.001,600,0.1186,80.045264,864.673076
1,3,0.0025,1,0.16125,100.711728,840.680304
1,3,0.0025,1,0.16125,100.720222,840.656922
1,3,0.0025,1,0.161,100.622365,840.641338
1,3,0.0025,1,0.1615,100.735209,840.79394
1,3,0.0025,1,0.16125,100.654442,840.744474
1,3,0.0025,10,0.1605,100.342671,837.368414
1,3,0.0025,10,0.16,100.230024,837.974446
1,3,0.0025,10,0.16,100.270444,838.00208
1,3,0.0025,10,0.15975,100.145858,838.073246
1,3,0.0025,10,0.16,100.214531,837.723042
1,3,0.0025,100,0.15025,96.1542,846.424812
1,3,0.0025,100,0.148,95.138719,845.62765
1,3,0.0025,100,0.14975,95.887132,843.610445
1,3,0.0025,100,0.14425,93.864101,845.172786
1,3,0.0025,100,0.1465,94.870633,843.093962
1,3,0.0025,1200,0.094,65.178076,855.621614
1,3,0.0025,1200,0.10025,67.955385,844.379252
1,3,0.0025,1200,0.0915,64.23336,839.201697
1,3,0.0025,1200,0.08875,62.402251,848.370044
1,3,0.0025,1200,0.09925,68.224843,850.854923
1,3,0.0025,300,0.1335,88.424483,866.710677
1,3,0.0025,300,0.13425,88.560855,860.580945
1,3,0.0025,300,0.13925,90.660485,854.465896
1,3,0.0025,300,0.134,88.570429,864.716259
1,3,0.0025,300,0.138,90.087478,867.238731
1,3,0.0025,600,0.12825,83.839442,868.363646
1,3,0.0025,600,0.12175,81.540061,873.575281
1,3,0.0025,600,0.1205,80.938113,863.425477
1,3,0.0025,600,0.12825,84.029609,860.04542
1,3,0.0025,600,0.1255,83.13212,863.553088
